{
    "total": 65,
    "correct": 30,
    "normal": {
        "total": 21,
        "correct": 15,
        "incorrect": 6,
        "accuracy": 0.7142857142857143
    },
    "anomaly": {
        "total": 44,
        "correct": 15,
        "incorrect": 29,
        "accuracy": 0.3409090909090909
    },
    "accuracy": 0.46153846153846156,
    "precision": 0.7142857142857143,
    "recall": 0.3409090909090909,
    "f1": 0.4615384615384615,
    "average_scores": {
        "normal": {
            "anomaly_score": 0.2684807976086934,
            "normal_similarity": 0.9213701883951823,
            "anomaly_similarity": 0.6528893907864889
        },
        "anomaly": {
            "anomaly_score": 0.21098900518634103,
            "normal_similarity": 0.8618360608816147,
            "anomaly_similarity": 0.6508470556952737
        }
    }
}